{ "height":10,
 "layers":[
        {
         "height":0,
         "image":"..\/backgrounds\/pipecorridor.png",
         "name":"bg",
         "opacity":1,
         "properties":
            {
             "key":"pipecorridor"
            },
         "type":"imagelayer",
         "visible":true,
         "width":0,
         "x":0,
         "y":0
        }, 
        {
         "data":[1, 1, 1, 1, 1, 1, 1, 1, 1, 1, 1, 1, 1, 1, 1, 1, 1, 1, 1, 1, 1, 1, 1, 1, 1, 1, 1, 1, 1, 1, 1, 1, 1, 1, 1, 1, 1, 1, 1, 1, 1, 1, 1, 1, 1, 1, 1, 1, 1, 1, 1, 1, 1, 1, 1, 1, 1, 1, 1, 1, 1, 1, 1, 1, 1, 1, 1, 1, 1, 1, 1, 1, 1, 1, 1, 1, 1, 1, 1, 1, 1, 1, 1, 1, 1, 1, 1, 1, 1, 1, 1, 1, 1, 0, 0, 0, 0, 0, 0, 0, 0, 0, 0, 0, 0, 0, 0, 0, 0, 0, 0, 0, 0, 0, 0, 0, 0, 0, 0, 0, 0, 0, 0, 1, 1, 1, 1, 1, 1, 1, 1, 1, 1, 1, 1, 0, 0, 0, 0, 0, 0, 0, 0, 0, 0, 0, 0, 0, 0, 0, 0, 0, 0, 0, 0, 0, 0, 0, 0, 0, 0, 0, 0, 0, 0, 0, 0, 0, 0, 0, 0, 0, 0, 0, 0, 0, 0, 0, 0, 0, 0, 0, 0, 0, 0, 0, 0, 0, 0, 0, 0, 0, 0, 0, 0, 0, 0, 0, 0, 0, 0, 0, 0, 0, 0, 0, 0, 0, 0, 0, 0, 0, 0, 0, 0, 0, 0, 0, 0, 0, 0, 0, 0, 0, 0, 0, 0, 0, 0, 0, 0, 0, 0, 0, 0, 0, 0, 0, 0, 0, 0, 0, 0, 0, 0, 0, 0, 0, 0, 0, 0, 0, 0, 0, 0, 0, 0, 0, 0, 0, 0, 0, 0, 0, 0, 0, 0, 0, 0, 0, 0, 0, 0, 0, 0, 0, 0, 0, 0, 0, 0, 0, 0, 0, 0, 0, 0, 0, 0, 0, 0, 0, 0, 0, 0, 0, 0, 0, 0, 0, 0, 0, 0, 0, 0, 0, 0, 0, 0, 0, 0, 0, 0, 0, 0, 1, 1, 1, 6, 7, 0, 0, 0, 0, 0, 0, 0, 0, 0, 0, 0, 0, 0, 0, 0, 0, 0, 0, 0, 0, 0, 0, 0, 0, 0, 0, 4, 5, 1, 1, 1, 1, 1, 1, 1, 1, 1, 1, 1, 1, 1, 1, 1, 1, 1, 1, 1, 1, 1, 1, 1, 1, 1, 1, 1, 1, 1, 1, 1, 1, 1, 1, 1, 1, 1, 1, 1, 1, 1, 1, 1, 1, 1, 1, 1, 1, 1, 1, 1, 1, 1, 1, 1, 1, 1, 1, 1, 1, 1, 1, 1, 1, 1, 1, 1, 1, 1, 1, 1, 1, 1, 1, 1, 1, 1, 1, 1, 1, 1, 1, 1, 1, 1, 1, 1, 1, 1, 1, 1, 1, 1, 1, 1, 1, 1, 1, 1, 1, 1, 1],
         "height":10,
         "name":"collision",
         "opacity":1,
         "type":"tilelayer",
         "visible":true,
         "width":45,
         "x":0,
         "y":0
        }, 
        {
         "data":[0, 0, 0, 0, 0, 0, 0, 0, 0, 0, 0, 0, 0, 0, 0, 0, 0, 0, 0, 0, 0, 0, 0, 0, 0, 0, 0, 0, 0, 0, 0, 0, 0, 0, 0, 0, 0, 0, 0, 0, 0, 0, 0, 0, 0, 0, 0, 0, 0, 0, 0, 0, 0, 0, 0, 0, 0, 0, 0, 0, 0, 0, 0, 0, 0, 0, 0, 0, 0, 0, 0, 0, 0, 0, 0, 0, 0, 0, 0, 0, 0, 0, 0, 0, 0, 0, 0, 0, 0, 0, 0, 0, 0, 0, 0, 0, 0, 0, 0, 0, 0, 0, 0, 0, 0, 0, 0, 0, 0, 0, 0, 0, 0, 0, 0, 0, 0, 0, 0, 0, 0, 0, 0, 0, 0, 0, 0, 0, 0, 0, 0, 0, 0, 0, 0, 0, 0, 0, 0, 0, 0, 0, 117, 118, 119, 165, 166, 167, 117, 118, 119, 0, 0, 0, 0, 0, 0, 0, 0, 117, 119, 0, 117, 118, 119, 0, 0, 0, 0, 0, 0, 0, 0, 0, 0, 0, 0, 0, 0, 0, 0, 0, 0, 0, 0, 0, 0, 133, 134, 135, 181, 182, 183, 133, 134, 135, 0, 117, 119, 0, 0, 0, 0, 0, 133, 128, 129, 130, 134, 135, 0, 0, 0, 0, 0, 0, 0, 0, 0, 0, 0, 0, 0, 0, 0, 0, 0, 0, 0, 0, 0, 0, 133, 134, 135, 197, 198, 199, 133, 134, 128, 129, 130, 135, 0, 0, 0, 0, 0, 133, 135, 0, 149, 150, 151, 0, 0, 0, 0, 117, 118, 119, 0, 0, 0, 0, 0, 0, 0, 0, 0, 0, 0, 0, 0, 0, 0, 133, 134, 135, 117, 118, 119, 133, 134, 144, 145, 146, 135, 0, 117, 118, 119, 0, 133, 135, 0, 117, 118, 119, 0, 0, 0, 0, 133, 134, 135, 0, 0, 0, 0, 0, 0, 0, 0, 0, 0, 0, 0, 0, 117, 119, 133, 134, 135, 133, 134, 135, 133, 134, 135, 0, 133, 135, 0, 133, 134, 135, 0, 133, 144, 145, 146, 134, 135, 0, 0, 0, 0, 149, 150, 151, 0, 0, 0, 0, 0, 0, 0, 0, 0, 0, 0, 0, 0, 147, 148, 149, 150, 151, 149, 150, 151, 149, 150, 151, 0, 149, 151, 0, 149, 150, 151, 0, 149, 151, 0, 149, 150, 151, 0, 0, 0, 0, 0, 0, 0, 0, 0, 0, 0, 0, 0, 0, 0, 0, 0, 0, 0, 0, 0, 0, 0, 0, 0, 0, 0, 0, 0, 0, 0, 0, 0, 0, 0, 0, 0, 0, 0, 0, 0, 0, 0, 0, 0, 0, 0, 0, 0, 0, 0, 0, 0, 0, 0, 0, 0, 0, 0, 0],
         "height":10,
         "name":"deco2",
         "opacity":1,
         "type":"tilelayer",
         "visible":true,
         "width":45,
         "x":0,
         "y":0
        }, 
        {
         "data":[30, 31, 32, 33, 34, 35, 36, 37, 14, 15, 16, 17, 18, 19, 20, 21, 46, 47, 48, 49, 50, 51, 52, 53, 30, 31, 32, 33, 46, 47, 21, 46, 47, 48, 49, 50, 51, 52, 53, 30, 31, 32, 33, 46, 47, 15, 16, 17, 8, 9, 12, 13, 12, 13, 12, 13, 12, 13, 12, 13, 12, 13, 12, 13, 12, 13, 12, 13, 12, 13, 12, 13, 12, 13, 12, 13, 10, 11, 30, 31, 32, 33, 38, 39, 22, 23, 18, 19, 20, 21, 13, 12, 13, 24, 25, 0, 0, 0, 0, 0, 0, 0, 0, 0, 0, 0, 0, 0, 0, 0, 0, 0, 0, 0, 0, 0, 0, 0, 0, 0, 0, 26, 27, 12, 13, 12, 13, 12, 13, 12, 13, 12, 13, 12, 13, 0, 0, 0, 0, 0, 0, 0, 0, 0, 0, 0, 0, 0, 0, 0, 0, 0, 0, 0, 0, 0, 0, 0, 0, 0, 0, 0, 0, 0, 0, 0, 0, 0, 0, 0, 0, 0, 0, 0, 0, 0, 0, 0, 0, 0, 0, 0, 0, 0, 0, 0, 0, 0, 0, 0, 0, 0, 0, 0, 0, 0, 0, 0, 0, 0, 0, 0, 0, 0, 0, 0, 0, 0, 0, 0, 0, 0, 0, 0, 0, 0, 0, 0, 0, 0, 0, 0, 0, 0, 0, 0, 0, 0, 0, 0, 0, 0, 0, 0, 0, 0, 0, 0, 0, 0, 0, 0, 0, 0, 0, 0, 0, 0, 0, 0, 0, 0, 0, 0, 0, 0, 0, 0, 0, 0, 0, 0, 0, 0, 0, 0, 0, 0, 0, 0, 0, 0, 0, 0, 0, 0, 0, 0, 0, 0, 0, 0, 0, 0, 0, 0, 0, 0, 0, 0, 0, 0, 0, 0, 0, 0, 0, 0, 0, 0, 0, 0, 0, 0, 0, 0, 0, 0, 0, 0, 0, 0, 0, 0, 0, 29, 28, 29, 40, 41, 0, 0, 0, 0, 0, 0, 0, 0, 0, 0, 0, 0, 0, 0, 0, 0, 0, 0, 0, 0, 0, 0, 0, 0, 0, 0, 42, 43, 28, 29, 28, 29, 28, 29, 28, 29, 28, 29, 28, 29, 33, 22, 23, 56, 57, 28, 29, 28, 29, 28, 29, 28, 29, 28, 29, 28, 29, 28, 29, 28, 29, 28, 29, 28, 29, 28, 29, 28, 29, 28, 29, 58, 59, 50, 51, 52, 53, 22, 23, 38, 39, 50, 51, 52, 53, 48, 49, 50, 51, 52, 53, 30, 31, 32, 33, 34, 35, 36, 37, 22, 23, 14, 15, 16, 17, 18, 19, 20, 21, 50, 51, 52, 53, 30, 31, 23, 14, 15, 16, 17, 18, 19, 20, 21, 50, 51, 52, 53, 30, 31],
         "height":10,
         "name":"deco1",
         "opacity":1,
         "type":"tilelayer",
         "visible":true,
         "width":45,
         "x":0,
         "y":0
        }, 
        {
         "draworder":"topdown",
         "height":0,
         "name":"doors",
         "objects":[
                {
                 "height":64,
                 "name":"1",
                 "properties":
                    {
                     "door":"2",
                     "room":"sector01_room02"
                    },
                 "rotation":0,
                 "type":"door",
                 "visible":true,
                 "width":64,
                 "x":-40,
                 "y":48
                }, 
                {
                 "height":64,
                 "name":"2",
                 "properties":
                    {
                     "door":"1",
                     "room":"sector01_room04"
                    },
                 "rotation":0,
                 "type":"door",
                 "visible":true,
                 "width":64,
                 "x":696,
                 "y":48
                }],
         "opacity":1,
         "type":"objectgroup",
         "visible":true,
         "width":0,
         "x":0,
         "y":0
        }],
 "orientation":"orthogonal",
 "properties":
    {

    },
 "renderorder":"right-down",
 "tileheight":16,
 "tilesets":[
        {
         "firstgid":1,
         "image":"..\/tilesets\/collision.png",
         "imageheight":16,
         "imagewidth":112,
         "margin":0,
         "name":"collision",
         "properties":
            {

            },
         "spacing":0,
         "tileheight":16,
         "tilewidth":16
        }, 
        {
         "firstgid":8,
         "image":"..\/tilesets\/corridor1.png",
         "imageheight":304,
         "imagewidth":256,
         "margin":0,
         "name":"corridor1",
         "properties":
            {

            },
         "spacing":0,
         "tileheight":16,
         "tilewidth":16
        }],
 "tilewidth":16,
 "version":1,
 "width":45
}