{ "height":10,
 "layers":[
        {
         "height":0,
         "image":"..\/backgrounds\/sr388cave.png",
         "name":"bg",
         "opacity":1,
         "properties":
            {
             "key":"sr388cave"
            },
         "type":"imagelayer",
         "visible":true,
         "width":0,
         "x":0,
         "y":0
        }, 
        {
         "data":[1, 1, 1, 1, 1, 1, 1, 1, 1, 1, 1, 1, 1, 1, 1, 1, 1, 1, 1, 1, 1, 1, 1, 1, 1, 1, 1, 1, 1, 1, 1, 0, 0, 0, 0, 0, 0, 0, 1, 1, 1, 1, 1, 1, 1, 1, 1, 1, 1, 1, 1, 1, 1, 1, 1, 1, 1, 1, 1, 1, 1, 1, 1, 1, 1, 1, 1, 1, 1, 1, 1, 1, 1, 1, 1, 1, 1, 1, 1, 1, 1, 0, 0, 0, 0, 0, 0, 0, 0, 0, 0, 0, 1, 1, 1, 1, 1, 1, 1, 1, 1, 1, 1, 1, 1, 0, 0, 0, 0, 0, 0, 0, 0, 0, 0, 0, 1, 1, 1, 1, 1, 1, 1, 1, 1, 1, 1, 1, 1, 1, 0, 0, 0, 0, 0, 0, 0, 0, 1, 1, 1, 1, 1, 1, 1, 1, 1, 1, 1, 1, 1, 1, 1, 1, 0, 0, 0, 0, 0, 0, 0, 0, 0, 0, 0, 0, 0, 0, 0, 0, 0, 0, 0, 1, 1, 1, 0, 0, 0, 0, 0, 0, 0, 0, 0, 0, 0, 0, 0, 0, 0, 0, 0, 1, 1, 1, 1, 1, 1, 1, 1, 1, 0, 0, 0, 0, 0, 0, 0, 0, 0, 0, 0, 0, 1, 1, 1, 1, 1, 1, 1, 1, 1, 1, 1, 0, 0, 0, 0, 0, 0, 0, 0, 0, 0, 0, 0, 0, 0, 0, 0, 0, 0, 0, 0, 0, 0, 0, 0, 0, 0, 0, 0, 0, 0, 0, 0, 0, 0, 0, 0, 0, 0, 0, 0, 0, 0, 0, 0, 0, 1, 1, 1, 1, 1, 0, 0, 0, 0, 0, 0, 0, 0, 0, 0, 0, 0, 0, 0, 0, 0, 0, 0, 0, 0, 0, 0, 0, 0, 0, 0, 0, 0, 0, 0, 0, 0, 0, 0, 0, 0, 0, 0, 0, 0, 0, 0, 0, 0, 0, 0, 0, 0, 0, 0, 0, 0, 0, 0, 0, 0, 0, 0, 0, 0, 0, 0, 0, 0, 0, 0, 0, 0, 0, 0, 0, 0, 0, 0, 0, 0, 0, 0, 0, 0, 0, 0, 0, 0, 0, 0, 0, 0, 0, 0, 0, 0, 0, 0, 0, 0, 0, 0, 0, 0, 0, 0, 0, 0, 0, 0, 0, 0, 0, 0, 0, 0, 0, 0, 0, 0, 0, 0, 0, 0, 0, 0, 0, 0, 0, 0, 0, 0, 0, 0, 0, 0, 0, 0, 0, 0, 0, 0, 0, 0, 0, 0, 0, 0, 0, 0, 0, 0, 0, 0, 0, 0, 0, 0, 0, 0, 0, 0, 0, 0, 0, 0, 0, 0, 0, 0, 0, 0, 0, 0, 0, 0, 0, 0, 0, 0, 0, 0, 0, 0, 0, 0, 0, 0, 0, 0, 0, 0, 0, 0, 0, 0, 0, 0, 0, 0, 0, 0, 0, 0, 0, 0, 0, 0, 0, 0, 0, 0, 0, 0, 0, 0, 0, 0, 0, 0, 0, 0, 0, 0, 0, 0, 0, 0, 0, 0, 0, 0, 0, 0, 0, 0, 0, 0, 0, 0, 0, 0, 0, 0, 0, 0, 0, 0, 0, 0, 0, 0, 0, 0, 1, 1, 1, 6, 7, 0, 0, 0, 0, 0, 0, 0, 0, 0, 0, 0, 2, 1, 6, 7, 0, 0, 0, 0, 0, 0, 0, 0, 0, 0, 0, 0, 0, 0, 0, 0, 0, 0, 0, 0, 0, 0, 0, 0, 0, 0, 0, 0, 0, 0, 0, 0, 0, 0, 0, 0, 0, 0, 0, 0, 0, 0, 0, 0, 0, 0, 0, 0, 0, 4, 5, 1, 1, 1, 1, 1, 1, 1, 1, 1, 6, 7, 0, 0, 0, 0, 0, 0, 4, 5, 1, 1, 1, 1, 1, 6, 7, 0, 0, 0, 0, 0, 0, 4, 5, 1, 1, 6, 7, 0, 0, 0, 0, 0, 0, 0, 0, 0, 0, 0, 0, 0, 0, 0, 0, 0, 0, 0, 0, 0, 0, 0, 0, 0, 0, 0, 0, 0, 0, 0, 0, 0, 4, 5, 1, 1, 1, 1, 1, 1, 1, 1, 1, 1, 1, 1, 1, 1, 1, 1, 1, 1, 1, 1, 1, 1, 1, 1, 1, 1, 1, 1, 1, 1, 1, 1, 1, 1, 1, 1, 1, 1, 1, 1, 1, 1, 1, 1, 1, 1, 1, 1, 1, 1, 1, 1, 1, 1, 1, 1, 1, 1, 1, 1, 1, 1, 1, 1, 1, 1, 1, 1, 1, 1, 1, 1, 1, 1, 1, 1, 1, 1, 1, 1, 1],
         "height":10,
         "name":"collision",
         "opacity":1,
         "type":"tilelayer",
         "visible":true,
         "width":75,
         "x":0,
         "y":0
        }, 
        {
         "data":[0, 0, 0, 0, 0, 0, 0, 0, 0, 0, 0, 0, 0, 0, 0, 0, 0, 0, 0, 0, 0, 0, 0, 0, 0, 0, 0, 0, 0, 0, 0, 0, 0, 0, 0, 0, 0, 0, 0, 0, 0, 0, 0, 0, 0, 0, 0, 0, 0, 0, 0, 0, 0, 0, 0, 0, 0, 0, 0, 0, 0, 0, 0, 0, 0, 0, 0, 0, 0, 0, 0, 0, 0, 0, 0, 0, 0, 0, 0, 0, 0, 0, 0, 0, 0, 0, 0, 0, 0, 0, 0, 0, 0, 0, 0, 0, 0, 0, 0, 0, 0, 0, 0, 0, 0, 0, 0, 0, 0, 0, 0, 0, 0, 0, 0, 0, 0, 0, 0, 0, 0, 0, 0, 0, 0, 0, 0, 0, 0, 0, 0, 0, 0, 0, 0, 0, 0, 0, 0, 0, 0, 0, 0, 0, 0, 0, 0, 0, 0, 0, 296, 296, 0, 0, 0, 0, 0, 0, 0, 0, 0, 0, 0, 0, 0, 0, 0, 0, 0, 0, 0, 0, 0, 0, 0, 0, 0, 0, 0, 0, 0, 0, 0, 0, 0, 0, 0, 0, 0, 0, 0, 0, 0, 0, 0, 0, 0, 0, 0, 0, 0, 0, 0, 0, 0, 0, 0, 0, 0, 0, 0, 0, 0, 0, 0, 0, 0, 0, 0, 0, 0, 0, 0, 296, 296, 0, 0, 0, 0, 0, 0, 0, 0, 0, 0, 0, 0, 0, 0, 0, 0, 0, 0, 0, 0, 0, 0, 0, 0, 0, 0, 0, 0, 0, 0, 0, 0, 0, 0, 0, 0, 0, 0, 0, 0, 0, 0, 0, 0, 0, 0, 0, 0, 0, 0, 0, 0, 0, 0, 0, 0, 0, 0, 0, 0, 0, 0, 0, 0, 0, 0, 0, 0, 0, 0, 0, 0, 0, 0, 0, 0, 0, 0, 0, 0, 0, 0, 0, 0, 0, 0, 0, 0, 0, 0, 0, 0, 0, 0, 0, 0, 0, 0, 0, 0, 0, 0, 0, 0, 0, 0, 0, 0, 0, 0, 0, 0, 0, 0, 0, 0, 0, 0, 0, 0, 0, 0, 0, 0, 0, 0, 0, 0, 0, 0, 0, 0, 0, 0, 0, 0, 0, 0, 0, 0, 0, 0, 0, 0, 0, 0, 0, 0, 0, 0, 0, 0, 0, 0, 0, 0, 0, 0, 0, 0, 0, 0, 0, 0, 0, 0, 0, 0, 0, 0, 0, 0, 0, 0, 0, 0, 0, 0, 0, 0, 0, 0, 0, 0, 0, 0, 0, 0, 0, 0, 0, 0, 0, 0, 0, 0, 0, 0, 0, 0, 0, 0, 0, 0, 0, 0, 0, 0, 0, 0, 0, 0, 0, 0, 0, 0, 0, 0, 0, 0, 0, 0, 0, 0, 0, 0, 0, 0, 0, 0, 0, 0, 0, 0, 0, 0, 0, 0, 0, 0, 0, 0, 0, 0, 0, 0, 0, 0, 0, 0, 0, 0, 0, 0, 0, 0, 0, 0, 0, 0, 0, 0, 0, 0, 0, 0, 0, 0, 0, 0, 0, 0, 0, 0, 0, 0, 0, 0, 0, 0, 0, 0, 0, 0, 0, 0, 0, 0, 0, 0, 0, 0, 0, 0, 0, 208, 209, 210, 0, 0, 280, 280, 0, 0, 0, 0, 0, 0, 0, 0, 0, 0, 0, 0, 0, 0, 0, 0, 0, 0, 0, 0, 0, 0, 0, 0, 0, 0, 0, 0, 0, 0, 0, 225, 224, 225, 0, 0, 0, 0, 0, 0, 0, 0, 0, 0, 224, 225, 0, 0, 0, 226, 0, 0, 0, 224, 225, 0, 0, 0, 0, 0, 226, 0, 224, 0, 0, 0, 0, 0, 0, 0, 0, 280, 280, 0, 0, 0, 0, 0, 0, 0, 243, 208, 208, 209, 227, 0, 0, 0, 0, 0, 0, 0, 0, 0, 0, 209, 227, 243, 227, 208, 0, 0, 0, 0, 0, 0, 241, 240, 241, 243, 208, 209, 210, 0, 0, 210, 209, 227, 243, 240, 241, 243, 227, 209, 242, 0, 208, 243, 240, 241, 227, 0, 209, 210, 209, 242, 227, 240, 243, 208, 209, 0, 0, 0, 0, 0, 0, 0, 0, 0, 0, 0, 0, 0, 0, 0, 0, 0, 0, 0, 0, 0, 0, 0, 0, 0, 0, 0, 0, 0, 0, 0, 0, 0, 0, 0, 0, 0, 0, 0, 0, 0, 0, 0, 0, 0, 0, 0, 0, 0, 0, 0, 0, 0, 0, 0, 0, 0, 0, 0, 0, 0, 0, 0, 0, 0, 0, 0, 0, 0, 0, 0, 0, 0, 0, 0, 0, 0, 0, 0, 0, 0, 0],
         "height":10,
         "name":"deco2",
         "opacity":1,
         "type":"tilelayer",
         "visible":true,
         "width":75,
         "x":0,
         "y":0
        }, 
        {
         "data":[16, 16, 16, 16, 16, 16, 222, 223, 141, 142, 143, 144, 145, 146, 147, 143, 149, 16, 16, 16, 16, 16, 16, 16, 16, 16, 16, 16, 16, 16, 150, 238, 239, 163, 161, 162, 236, 237, 141, 216, 217, 16, 16, 16, 16, 16, 16, 16, 16, 16, 16, 16, 16, 16, 16, 222, 223, 142, 144, 145, 146, 220, 221, 16, 16, 16, 16, 16, 16, 16, 16, 16, 16, 16, 16, 143, 149, 16, 16, 218, 219, 238, 239, 157, 158, 159, 160, 161, 162, 163, 159, 165, 143, 144, 141, 142, 220, 221, 16, 16, 16, 218, 219, 141, 142, 166, 254, 255, 0, 0, 0, 0, 0, 157, 232, 233, 220, 221, 16, 16, 16, 16, 16, 16, 16, 16, 16, 222, 223, 142, 238, 239, 158, 160, 161, 162, 236, 237, 149, 16, 16, 16, 16, 16, 16, 16, 16, 16, 150, 142, 159, 165, 143, 144, 234, 235, 254, 255, 0, 0, 0, 0, 0, 0, 0, 0, 0, 159, 160, 157, 158, 236, 237, 145, 146, 143, 234, 235, 157, 158, 0, 0, 0, 0, 0, 0, 0, 0, 0, 248, 249, 236, 237, 220, 221, 16, 16, 16, 16, 16, 150, 141, 238, 239, 158, 254, 255, 0, 0, 0, 0, 0, 0, 165, 144, 145, 146, 147, 143, 144, 142, 143, 144, 166, 158, 0, 0, 159, 160, 0, 0, 0, 0, 0, 0, 0, 0, 0, 0, 0, 0, 0, 0, 0, 0, 0, 0, 0, 161, 162, 159, 0, 0, 0, 0, 0, 0, 0, 0, 0, 0, 0, 0, 0, 0, 0, 0, 0, 236, 237, 142, 182, 183, 145, 146, 166, 157, 254, 255, 0, 0, 0, 0, 0, 0, 0, 0, 0, 0, 160, 161, 162, 163, 159, 160, 158, 159, 160, 0, 0, 0, 0, 0, 0, 0, 0, 0, 0, 0, 0, 0, 0, 0, 0, 0, 0, 0, 0, 0, 0, 0, 0, 0, 0, 0, 0, 0, 0, 0, 0, 0, 0, 0, 0, 0, 0, 0, 0, 0, 0, 0, 0, 0, 0, 0, 158, 198, 199, 161, 162, 0, 0, 0, 0, 0, 0, 0, 0, 0, 0, 0, 0, 0, 0, 0, 0, 0, 0, 0, 0, 0, 0, 0, 0, 0, 0, 0, 0, 0, 0, 0, 0, 0, 0, 0, 0, 0, 0, 0, 0, 0, 0, 0, 0, 0, 0, 0, 0, 0, 0, 0, 0, 0, 0, 0, 0, 0, 0, 0, 0, 0, 0, 0, 0, 0, 0, 0, 0, 0, 0, 0, 0, 0, 0, 0, 0, 0, 0, 0, 0, 0, 0, 0, 0, 0, 0, 0, 0, 0, 0, 0, 0, 0, 0, 0, 0, 0, 0, 0, 0, 0, 0, 115, 174, 175, 0, 0, 0, 0, 0, 0, 0, 0, 0, 0, 0, 0, 115, 174, 175, 0, 0, 0, 0, 0, 0, 0, 0, 0, 0, 0, 0, 0, 0, 0, 0, 0, 0, 0, 0, 0, 0, 0, 0, 0, 0, 0, 0, 0, 0, 0, 0, 0, 0, 0, 0, 0, 0, 0, 0, 0, 0, 0, 0, 0, 0, 0, 0, 0, 168, 169, 109, 112, 170, 0, 112, 117, 131, 190, 191, 170, 0, 0, 0, 0, 0, 0, 0, 0, 173, 112, 117, 131, 190, 191, 170, 0, 0, 0, 0, 0, 0, 0, 0, 0, 113, 114, 174, 175, 0, 0, 0, 0, 0, 0, 0, 0, 0, 0, 0, 0, 0, 0, 0, 0, 0, 0, 0, 0, 0, 0, 0, 0, 0, 0, 0, 0, 0, 0, 0, 0, 0, 0, 173, 184, 185, 125, 128, 186, 187, 128, 133, 16, 206, 207, 186, 187, 113, 114, 109, 110, 115, 110, 188, 189, 128, 133, 16, 206, 207, 186, 187, 82, 83, 111, 112, 115, 110, 188, 189, 129, 130, 190, 191, 82, 83, 112, 109, 110, 112, 109, 110, 111, 115, 113, 114, 115, 82, 83, 109, 110, 109, 111, 110, 113, 114, 112, 113, 114, 115, 82, 83, 109, 110, 112, 82, 83, 188, 189, 200, 201, 16, 16, 202, 203, 16, 16, 16, 16, 16, 202, 203, 129, 130, 125, 126, 131, 126, 204, 205, 16, 16, 16, 16, 16, 202, 203, 98, 99, 127, 128, 131, 126, 204, 205, 16, 16, 206, 207, 98, 99, 128, 125, 126, 128, 125, 126, 127, 131, 129, 130, 131, 98, 99, 125, 126, 125, 127, 126, 129, 130, 128, 129, 130, 131, 98, 99, 125, 126, 128, 98, 99, 204, 205, 16, 16, 16, 16, 16, 16],
         "height":10,
         "name":"deco1",
         "opacity":1,
         "type":"tilelayer",
         "visible":true,
         "width":75,
         "x":0,
         "y":0
        }, 
        {
         "draworder":"topdown",
         "height":0,
         "name":"doors",
         "objects":[
                {
                 "height":64,
                 "name":"1",
                 "properties":
                    {
                     "door":"2",
                     "room":"sector01_room08"
                    },
                 "rotation":0,
                 "type":"door",
                 "visible":true,
                 "width":64,
                 "x":-40,
                 "y":48
                }, 
                {
                 "height":64,
                 "name":"2",
                 "properties":
                    {
                     "door":"3",
                     "room":"sector01_room06"
                    },
                 "rotation":0,
                 "type":"door",
                 "visible":true,
                 "width":64,
                 "x":1176,
                 "y":48
                }],
         "opacity":1,
         "type":"objectgroup",
         "visible":true,
         "width":0,
         "x":0,
         "y":0
        }],
 "orientation":"orthogonal",
 "properties":
    {

    },
 "renderorder":"right-down",
 "tileheight":16,
 "tilesets":[
        {
         "firstgid":1,
         "image":"..\/tilesets\/collision.png",
         "imageheight":16,
         "imagewidth":112,
         "margin":0,
         "name":"collision",
         "properties":
            {

            },
         "spacing":0,
         "tileheight":16,
         "tilewidth":16
        }, 
        {
         "firstgid":8,
         "image":"..\/tilesets\/srx.png",
         "imageheight":432,
         "imagewidth":256,
         "margin":0,
         "name":"srx",
         "properties":
            {

            },
         "spacing":0,
         "tileheight":16,
         "tilewidth":16
        }],
 "tilewidth":16,
 "version":1,
 "width":75
}