{ "height":10,
 "layers":[
        {
         "height":0,
         "image":"..\/backgrounds\/brown.png",
         "name":"bg",
         "opacity":1,
         "properties":
            {
             "key":"brown"
            },
         "type":"imagelayer",
         "visible":true,
         "width":0,
         "x":-32,
         "y":0
        }, 
        {
         "data":[1, 1, 1, 1, 1, 1, 0, 0, 0, 1, 1, 1, 1, 1, 1, 1, 1, 0, 0, 0, 0, 0, 0, 0, 0, 0, 0, 0, 1, 1, 1, 1, 0, 0, 0, 0, 0, 0, 0, 0, 0, 0, 0, 1, 1, 1, 1, 0, 0, 0, 0, 0, 0, 0, 0, 0, 0, 0, 0, 0, 1, 1, 0, 0, 0, 0, 1, 1, 1, 0, 0, 0, 0, 0, 0, 1, 1, 0, 0, 0, 0, 1, 1, 1, 0, 0, 0, 0, 0, 0, 1, 1, 0, 0, 0, 0, 0, 0, 0, 0, 0, 0, 0, 0, 0, 1, 1, 1, 1, 3, 0, 0, 0, 0, 0, 2, 1, 1, 1, 1, 1, 1, 1, 1, 1, 3, 0, 0, 0, 2, 1, 1, 1, 1, 1, 1, 1, 1, 1, 1, 1, 1, 1, 1, 1, 1, 1, 1, 1, 1],
         "height":10,
         "name":"collision",
         "opacity":0,
         "type":"tilelayer",
         "visible":true,
         "width":15,
         "x":0,
         "y":0
        }, 
        {
         "data":[0, 0, 0, 0, 0, 0, 0, 0, 0, 0, 0, 0, 0, 0, 0, 0, 0, 0, 0, 0, 0, 691, 692, 693, 0, 0, 0, 0, 0, 0, 0, 0, 0, 0, 0, 0, 707, 708, 709, 0, 0, 0, 0, 0, 0, 0, 0, 0, 0, 0, 0, 723, 724, 725, 0, 0, 0, 0, 0, 0, 0, 0, 0, 0, 0, 0, 739, 740, 741, 0, 0, 0, 0, 0, 0, 0, 0, 0, 0, 0, 0, 0, 0, 0, 0, 0, 0, 0, 0, 0, 0, 0, 0, 0, 0, 0, 0, 0, 0, 0, 0, 0, 0, 0, 0, 0, 0, 0, 0, 0, 0, 0, 0, 0, 0, 0, 0, 0, 0, 0, 0, 0, 0, 0, 0, 0, 0, 0, 0, 0, 0, 0, 0, 0, 0, 0, 0, 0, 0, 0, 0, 0, 0, 0, 0, 0, 0, 0, 0, 0],
         "height":10,
         "name":"deco2",
         "opacity":1,
         "type":"tilelayer",
         "visible":true,
         "width":15,
         "x":0,
         "y":0
        }, 
        {
         "data":[455, 469, 502, 475, 476, 480, 618, 619, 620, 474, 475, 476, 501, 486, 453, 466, 490, 518, 0, 0, 0, 0, 0, 0, 0, 0, 0, 517, 492, 465, 471, 473, 0, 0, 0, 0, 0, 0, 0, 0, 0, 0, 0, 474, 477, 487, 489, 0, 0, 0, 0, 0, 0, 0, 0, 0, 0, 0, 0, 0, 469, 505, 0, 0, 0, 573, 574, 575, 576, 577, 0, 0, 0, 0, 0, 485, 521, 0, 0, 0, 589, 590, 591, 592, 593, 0, 0, 0, 0, 0, 468, 537, 0, 0, 0, 605, 606, 607, 608, 609, 0, 0, 0, 0, 0, 484, 522, 459, 460, 534, 0, 0, 0, 0, 0, 533, 461, 462, 459, 460, 466, 467, 482, 483, 550, 534, 0, 0, 0, 533, 549, 482, 483, 469, 466, 453, 454, 455, 481, 484, 550, 459, 460, 494, 549, 484, 453, 481, 454, 455],
         "height":10,
         "name":"deco1",
         "opacity":1,
         "type":"tilelayer",
         "visible":true,
         "width":15,
         "x":0,
         "y":0
        }, 
        {
         "draworder":"topdown",
         "height":0,
         "name":"doors",
         "objects":[
                {
                 "height":32,
                 "name":"spawn",
                 "properties":
                    {

                    },
                 "rotation":0,
                 "type":"spawn",
                 "visible":true,
                 "width":16,
                 "x":112,
                 "y":32
                }, 
                {
                 "height":64,
                 "name":"1",
                 "properties":
                    {
                     "door":"1",
                     "room":"sector01_room02"
                    },
                 "rotation":0,
                 "type":"door",
                 "visible":true,
                 "width":64,
                 "x":216,
                 "y":48
                }],
         "opacity":1,
         "type":"objectgroup",
         "visible":true,
         "width":0,
         "x":0,
         "y":0
        }],
 "orientation":"orthogonal",
 "properties":
    {

    },
 "renderorder":"right-down",
 "tileheight":16,
 "tilesets":[
        {
         "firstgid":1,
         "image":"..\/tilesets\/collision.png",
         "imageheight":16,
         "imagewidth":112,
         "margin":0,
         "name":"collision",
         "properties":
            {

            },
         "spacing":0,
         "tileheight":16,
         "tilewidth":16
        }, 
        {
         "firstgid":8,
         "image":"..\/tilesets\/srx.png",
         "imageheight":432,
         "imagewidth":256,
         "margin":0,
         "name":"srx",
         "properties":
            {

            },
         "spacing":0,
         "tileheight":16,
         "tilewidth":16
        }, 
        {
         "firstgid":440,
         "image":"..\/tilesets\/yellow.png",
         "imageheight":384,
         "imagewidth":256,
         "margin":0,
         "name":"yellow",
         "properties":
            {

            },
         "spacing":0,
         "tileheight":16,
         "tilewidth":16
        }],
 "tilewidth":16,
 "version":1,
 "width":15
}