{ "height":30,
 "layers":[
        {
         "height":0,
         "image":"..\/backgrounds\/greenpassage.png",
         "name":"bg",
         "opacity":1,
         "properties":
            {
             "key":"greenpassage"
            },
         "type":"imagelayer",
         "visible":true,
         "width":0,
         "x":0,
         "y":0
        }, 
        {
         "data":[1, 1, 1, 1, 1, 1, 1, 1, 1, 1, 1, 1, 1, 1, 1, 1, 1, 1, 1, 1, 1, 1, 1, 1, 1, 1, 1, 1, 1, 1, 1, 1, 1, 1, 1, 1, 1, 1, 1, 1, 1, 1, 1, 1, 1, 0, 0, 0, 0, 0, 0, 0, 0, 0, 0, 0, 0, 0, 0, 0, 0, 0, 0, 0, 0, 0, 0, 0, 0, 0, 0, 0, 0, 0, 0, 0, 0, 0, 0, 0, 0, 0, 0, 0, 0, 0, 0, 0, 0, 0, 0, 0, 0, 0, 0, 0, 0, 0, 0, 0, 0, 0, 0, 0, 0, 1, 1, 1, 1, 1, 0, 0, 0, 0, 0, 0, 1, 1, 1, 1, 1, 1, 1, 1, 1, 0, 0, 0, 0, 0, 0, 1, 1, 1, 1, 1, 1, 1, 0, 0, 0, 0, 0, 0, 1, 1, 1, 1, 1, 1, 1, 1, 1, 0, 0, 0, 0, 0, 0, 0, 0, 1, 1, 1, 1, 1, 1, 1, 0, 0, 0, 0, 0, 0, 0, 0, 1, 1, 1, 1, 1, 1, 1, 0, 0, 0, 0, 0, 0, 0, 0, 1, 1, 1, 1, 0, 0, 0, 0, 0, 0, 1, 1, 0, 0, 0, 1, 1, 1, 1, 0, 0, 0, 0, 0, 0, 0, 0, 0, 0, 0, 1, 1, 1, 1, 0, 0, 0, 0, 0, 0, 0, 0, 0, 0, 0, 1, 1, 1, 1, 0, 0, 0, 0, 0, 0, 0, 0, 0, 0, 0, 1, 1, 1, 1, 1, 1, 1, 1, 1, 1, 1, 1, 0, 0, 0, 1, 1, 1, 1, 1, 1, 1, 1, 1, 1, 0, 0, 0, 0, 0, 1, 1, 1, 1, 1, 1, 1, 1, 0, 0, 0, 0, 0, 0, 0, 1, 1, 1, 1, 1, 1, 1, 1, 0, 0, 0, 0, 0, 1, 1, 1, 1, 1, 1, 1, 1, 1, 1, 0, 0, 0, 0, 0, 0, 0, 1, 1, 1, 1, 1, 1, 1, 1, 0, 0, 0, 0, 0, 0, 0, 1, 1, 1, 1, 1, 1, 1, 1, 0, 0, 1, 1, 0, 0, 0, 0, 0, 0, 0, 1, 1, 1, 1, 0, 0, 0, 0, 0, 0, 0, 0, 0, 0, 0, 1, 1, 1, 1, 0, 0, 0, 0, 0, 0, 0, 0, 0, 0, 0, 1, 1, 1, 1, 0, 0, 0, 0, 0, 0, 0, 0, 0, 0, 0, 1, 1, 1, 1, 1, 1, 1, 1, 1, 1, 1, 1, 1, 1, 1, 1, 1, 1, 1, 1, 1, 1, 1, 1, 1, 1, 1, 1, 1, 1, 1, 1, 1, 1, 1, 1, 1, 1, 1, 1, 1, 1, 1, 1, 1],
         "height":30,
         "name":"collision",
         "opacity":1,
         "type":"tilelayer",
         "visible":true,
         "width":15,
         "x":0,
         "y":0
        }, 
        {
         "data":[0, 0, 0, 0, 0, 0, 0, 0, 0, 0, 0, 0, 0, 0, 0, 0, 0, 0, 0, 0, 0, 0, 0, 0, 0, 0, 0, 0, 0, 0, 0, 0, 0, 0, 0, 0, 0, 0, 0, 0, 0, 0, 0, 0, 0, 0, 0, 0, 0, 0, 0, 0, 0, 0, 0, 0, 0, 0, 0, 0, 0, 0, 0, 0, 0, 0, 0, 0, 0, 0, 0, 0, 0, 0, 0, 0, 0, 0, 0, 0, 0, 0, 0, 0, 0, 0, 0, 0, 0, 0, 0, 0, 0, 0, 0, 0, 0, 0, 0, 0, 0, 0, 0, 0, 0, 0, 0, 0, 0, 0, 0, 0, 0, 0, 0, 0, 0, 0, 0, 0, 0, 0, 0, 0, 0, 0, 0, 0, 0, 0, 0, 0, 0, 0, 0, 0, 0, 0, 0, 0, 0, 0, 0, 0, 221, 222, 0, 0, 0, 0, 0, 0, 0, 0, 0, 0, 0, 0, 0, 157, 158, 0, 0, 0, 0, 0, 0, 0, 0, 0, 0, 0, 0, 0, 173, 174, 0, 0, 0, 0, 0, 0, 0, 0, 0, 0, 0, 0, 0, 173, 174, 0, 0, 0, 0, 0, 0, 0, 0, 0, 0, 221, 222, 0, 173, 174, 0, 0, 0, 0, 0, 0, 0, 0, 0, 0, 157, 158, 0, 173, 174, 0, 0, 0, 0, 0, 0, 0, 0, 0, 0, 173, 174, 0, 173, 174, 0, 0, 0, 0, 0, 0, 0, 0, 0, 0, 189, 190, 0, 173, 174, 0, 0, 0, 0, 0, 0, 0, 0, 0, 0, 221, 222, 0, 173, 174, 0, 0, 0, 0, 0, 0, 0, 0, 0, 0, 157, 158, 0, 173, 174, 0, 0, 0, 0, 0, 0, 0, 0, 0, 0, 173, 174, 0, 189, 190, 0, 0, 0, 0, 0, 0, 0, 0, 0, 0, 173, 174, 0, 221, 222, 0, 0, 0, 0, 0, 0, 0, 0, 0, 0, 173, 174, 0, 157, 158, 0, 0, 0, 0, 0, 0, 0, 0, 0, 0, 189, 190, 0, 173, 174, 0, 0, 0, 0, 0, 0, 0, 0, 0, 0, 221, 222, 0, 173, 174, 0, 0, 0, 0, 0, 0, 0, 0, 0, 0, 157, 158, 0, 173, 174, 0, 0, 0, 0, 0, 0, 0, 0, 0, 0, 189, 190, 0, 189, 190, 0, 0, 0, 0, 0, 0, 0, 0, 0, 204, 205, 206, 191, 205, 206, 207, 0, 0, 0, 0, 0, 0, 0, 0, 0, 0, 0, 0, 0, 0, 0, 0, 0, 0, 0, 0, 0, 0, 0, 0, 0, 0, 0, 0, 0, 0, 0, 0, 0, 0, 0, 0, 0, 0, 0, 0, 0, 0, 0, 0, 0, 0, 0, 0],
         "height":30,
         "name":"deco2",
         "opacity":1,
         "type":"tilelayer",
         "visible":true,
         "width":15,
         "x":0,
         "y":0
        }, 
        {
         "data":[14, 15, 16, 17, 18, 19, 20, 21, 22, 23, 38, 39, 46, 47, 48, 32, 33, 34, 35, 36, 37, 46, 47, 48, 49, 50, 51, 52, 53, 18, 44, 13, 12, 44, 44, 13, 12, 44, 44, 13, 12, 44, 44, 13, 12, 0, 0, 0, 0, 0, 0, 0, 0, 0, 0, 0, 0, 0, 0, 0, 0, 0, 0, 0, 0, 0, 0, 0, 0, 0, 0, 0, 0, 0, 0, 0, 0, 0, 0, 0, 0, 0, 0, 0, 0, 0, 0, 0, 0, 0, 0, 0, 0, 0, 0, 0, 0, 0, 0, 0, 0, 0, 0, 0, 0, 45, 45, 29, 28, 63, 0, 0, 0, 0, 0, 0, 62, 29, 28, 29, 37, 55, 64, 44, 95, 0, 0, 0, 0, 0, 0, 78, 14, 15, 16, 39, 71, 79, 0, 0, 0, 0, 0, 0, 141, 142, 78, 55, 50, 51, 23, 87, 79, 0, 0, 0, 0, 0, 0, 0, 0, 78, 71, 86, 38, 53, 103, 79, 0, 0, 0, 0, 0, 0, 0, 0, 78, 87, 102, 54, 13, 12, 95, 0, 0, 0, 0, 0, 0, 0, 0, 78, 103, 55, 70, 0, 0, 0, 0, 0, 0, 141, 142, 0, 0, 0, 78, 54, 71, 86, 0, 0, 0, 0, 0, 0, 0, 0, 0, 0, 0, 78, 70, 87, 102, 0, 0, 0, 0, 0, 0, 0, 0, 0, 0, 0, 78, 85, 103, 55, 0, 0, 0, 0, 0, 0, 0, 0, 0, 0, 0, 78, 101, 85, 71, 45, 45, 45, 29, 28, 63, 141, 142, 0, 0, 0, 78, 55, 101, 87, 21, 85, 55, 64, 44, 95, 0, 0, 0, 0, 0, 78, 71, 86, 103, 23, 101, 71, 79, 0, 0, 0, 0, 0, 0, 0, 78, 87, 102, 14, 49, 55, 87, 79, 0, 0, 0, 0, 0, 141, 142, 78, 103, 46, 47, 39, 71, 103, 79, 0, 0, 0, 0, 0, 0, 0, 78, 30, 31, 32, 33, 87, 54, 79, 0, 0, 0, 0, 0, 0, 0, 94, 13, 12, 44, 39, 103, 70, 79, 0, 0, 141, 142, 0, 0, 0, 0, 0, 0, 0, 37, 85, 86, 79, 0, 0, 0, 0, 0, 0, 0, 0, 0, 0, 0, 53, 101, 102, 79, 0, 0, 0, 0, 0, 0, 0, 0, 0, 0, 0, 44, 13, 12, 95, 0, 0, 0, 0, 0, 0, 0, 0, 0, 0, 0, 28, 45, 45, 29, 28, 45, 45, 29, 28, 45, 45, 29, 28, 45, 45, 16, 17, 18, 19, 20, 21, 38, 39, 22, 23, 30, 31, 32, 33, 38, 30, 31, 32, 33, 34, 35, 36, 37, 18, 19, 20, 21, 14, 15, 16],
         "height":30,
         "name":"deco1",
         "opacity":1,
         "type":"tilelayer",
         "visible":true,
         "width":15,
         "x":0,
         "y":0
        }, 
        {
         "draworder":"topdown",
         "height":0,
         "name":"doors",
         "objects":[
                {
                 "height":64,
                 "name":"1",
                 "properties":
                    {
                     "door":"2",
                     "room":"sector01_room05"
                    },
                 "rotation":0,
                 "type":"door",
                 "visible":true,
                 "width":64,
                 "x":-40,
                 "y":48
                }, 
                {
                 "height":64,
                 "name":"2",
                 "properties":
                    {
                     "door":"1",
                     "room":"sector01_room07"
                    },
                 "rotation":0,
                 "type":"door",
                 "visible":true,
                 "width":64,
                 "x":216,
                 "y":48
                }, 
                {
                 "height":64,
                 "name":"3",
                 "properties":
                    {
                     "door":"2",
                     "room":"sector01_room08"
                    },
                 "rotation":0,
                 "type":"door",
                 "visible":true,
                 "width":64,
                 "x":-40,
                 "y":208
                }],
         "opacity":1,
         "type":"objectgroup",
         "visible":true,
         "width":0,
         "x":0,
         "y":0
        }],
 "orientation":"orthogonal",
 "properties":
    {

    },
 "renderorder":"right-down",
 "tileheight":16,
 "tilesets":[
        {
         "firstgid":1,
         "image":"..\/tilesets\/collision.png",
         "imageheight":16,
         "imagewidth":112,
         "margin":0,
         "name":"collision",
         "properties":
            {

            },
         "spacing":0,
         "tileheight":16,
         "tilewidth":16
        }, 
        {
         "firstgid":8,
         "image":"..\/tilesets\/corridor1.png",
         "imageheight":304,
         "imagewidth":256,
         "margin":0,
         "name":"corridor1",
         "properties":
            {

            },
         "spacing":0,
         "tileheight":16,
         "tilewidth":16
        }],
 "tilewidth":16,
 "version":1,
 "width":15
}